Workbook

Sheet Cover
A1: FOCUSLY GROWTH MODEL
A2: A Bottom-up Growth Analysis
A4: Built by : Kishore Babu
A5: Date : April 2026
A6: Tool : Google Sheets
A8: What this Model contains :
A9: Tab 1 - Acquisition Funnel
A10: Tab 2 - Retention Curves
A11: Tab 3 - Revenue Projections
A12: Tab 4 - Sensitivity Analysis

Sheet Dashboard
A1: FOCUSLY GROWTH MODEL - EXECUTIVE DASHBOARD
A3: KEY METRICS
A4: Metric | B4: Value | C4: What it means
A5: Monthly Impressions | B5: ='Acquisition Funnel'!B4 -> 100000 | C5: People who see our ad monthly
A6: Monthly Clicks | B6: ='Acquisition Funnel'!B5 -> 3000 | C6: People who click our ad
A7: Monthly Signups | B7: ='Acquisition Funnel'!B6 -> 600 | C7: People who create free account
A8: Monthly Paid Users | B8: ='Acquisition Funnel'!B8 -> 12 | C8: People who pay $9.99
A9: Monthly Revenue | B9: ='Acquisition Funnel'!B12 -> 119.88 | C9: Money made this month
A10: Annual Revenue | B10: ='Acquisition Funnel'!B13 -> 1438.56 | C10: Money made this Year
A11: Day 1 Retention | B11: ='Retention Curves'!C5 -> 0.75 | C11: Users still active after day 1
A12: Day 30 Retention | B12: ='Retention Curves'!C7 -> 0.4 | C12: Users still active after 30 days
A14: SCENARIO COMPARISON
A15: Scenario | B15: Monthly Revenue | C15: Annual Revenue | D15: Paid Users
A16: Worst Case | B16: ='Sensitivity Analysis'!B16 -> 3.996 | C16: ='Sensitivity Analysis'!B17 -> 47.952 | D16: ='Sensitivity Analysis'!B15 -> 0.4
A17: Base Case | B17: ='Sensitivity Analysis'!C16 -> 119.88 | C17: ='Sensitivity Analysis'!C17 -> 1438.56 | D17: ='Sensitivity Analysis'!C15 -> 12
A18: Best Case | B18: ='Sensitivity Analysis'!D16 -> 719.28 | C18: ='Sensitivity Analysis'!D17 -> 8631.36 | D18: ='Sensitivity Analysis'!D15 -> 72

Sheet Acquisition Funnel
A1: Focusly Growth Model -- Acquisition Funnel
A3: Stage | B3: Numbers | C3: Conversion Rate | D3: What this Means
A4: Impressions | B4: 100000 | C4: 1 | D4: People who see our ad
A5: Clicks | B5: =B4*C5 -> 3000 | C5: 0.03 | D5: People who click and visit our page
A6: Signups | B6: =B5*C6 -> 600 | C6: 0.2 | D6: People who create free account
A7: Activation | B7: =B6*C7 -> 240 | C7: 0.4 | D7: People who actually use the app
A8: Revenue Users | B8: =B7*C8 -> 12 | C8: 0.05 | D8: People who pay $9.99/month
A10: Monthly Revenue
A11: Price Per User | B11: 9.99
A12: Total Monthly Revenue | B12: =B8*B11 -> 119.88
A13: Total Annual Revenue | B13: =B12*12 -> 1438.56
A15: Sensitivity Analysis
A16: What if scenario | B16: Changed Value | C16: New Revenue | D16: Revenue Increase
A17: If CTR improves to 5% | B17: 0.05 | C17: =B4*B17*C6*C7*C8*B11 -> 199.8 | D17: =C17-B12 -> 79.92
A18: If signup Rate improves to 25% | B18: 0.25 | C18: =B4*C5*B18*C7*C8*B11 -> 149.85 | D18: =C18-B12 -> 29.97
A19: If Paid conversion improves to 8% | B19: 0.08 | C19: =B4*C5*C6*C7*B19*B11 -> 191.808 | D19: =C19-B12 -> 71.928

Sheet Retention Curves
A1: Focusly Growth Model -- Retention Curves
A3: Day | B3: Users Remaining | C3: Retention Rate | D3: What this Means
A4: Day 0 | B4: 1000 | C4: 1 | D4: All users just downloaded the app
A5: Day 1 | B5: =B4*C5 -> 750 | C5: 0.75 | D5: Users opened app on day 1 -- good sign!
A6: Day 7 | B6: =B4*C6 -> 600 | C6: 0.6 | D6: Users still active after 1 week
A7: Day 30 | B7: =B4*C7 -> 400 | C7: 0.4 | D7: Users still active after 1 month
A8: Day 90 | B8: =B4*C8 -> 250 | C8: 0.25 | D8: Users still active after 3 months
A10: Drop Off Analysis
A11: Period | B11: Users Lost | C11: Drop Off Rate | D11: What this means
A12: Day 0 to Day 1 | B12: =B4-B5 -> 250 | C12: =B12/B4 -> 0.25 | D12: Lost on very first day -- biggest problem!
A13: Day 1 to Day 7 | B13: =B5-B6 -> 150 | C13: =B13/B4 -> 0.15 | D13: Lost in first week
A14: Day 7 to Day 30 | B14: =B6-B7 -> 200 | C14: =B14/B4 -> 0.2 | D14: Lost in first month
A15: Day 30 to Day 90 | B15: =B7-B8 -> 150 | C15: =B15/B4 -> 0.15 | D15: Lost in first 3 months

Sheet Revenue Projections
A1: Focusly Growth Model -- Revenue Projections
A3: Month | B3: New Users | C3: Total Active Users | D3: Paid Users | E3: Monthly Revenue
A4: Month 1 | B4: 600 | C4: =B4 -> 600 | D4: =C4*0.05 -> 30 | E4: =D4*9.99 -> 299.7
A5: Month 2 | B5: 650 | C5: =B5 + (C4*0.4) -> 890 | D5: =C5*0.05 -> 44.5 | E5: =D5*9.99 -> 444.555
A6: Month 3 | B6: 700 | C6: =B6 + (C5*0.4) -> 1056 | D6: =C6*0.05 -> 52.8 | E6: =D6*9.99 -> 527.472
A7: Month 4 | B7: 750 | C7: =B7+(C6*0.4) -> 1172.4 | D7: =C7*0.05 -> 58.62 | E7: =D7*9.99 -> 585.6138
A8: Month 5 | B8: 800 | C8: =B8+(C7*0.4) -> 1268.96 | D8: =C8*0.05 -> 63.448 | E8: =D8*9.99 -> 633.84552
A9: Month 6 | B9: 850 | C9: =B9+(C8*0.4) -> 1357.584 | D9: =C9*0.05 -> 67.8792 | E9: =D9*9.99 -> 678.11321
A10: Month 7 | B10: 900 | C10: =B10+(C9*0.4) -> 1443.0336 | D10: =C10*0.05 -> 72.15168 | E10: =D10*9.99 -> 720.79528
A11: Month 8 | B11: 950 | C11: =B11+(C10*0.4) -> 1527.2134 | D11: =C11*0.05 -> 76.360672 | E11: =D11*9.99 -> 762.84311
A12: Month 9 | B12: 1000 | C12: =B12+(C11*0.4) -> 1610.8854 | D12: =C12*0.05 -> 80.544269 | E12: =D12*9.99 -> 804.63725
A13: Month 10 | B13: 1050 | C13: =B13+(C12*0.4) -> 1694.3541 | D13: =C13*0.05 -> 84.717708 | E13: =D13*9.99 -> 846.3299
A14: Month 11 | B14: 1100 | C14: =B14+(C13*0.4) -> 1777.7417 | D14: =C14*0.05 -> 88.887083 | E14: =D14*9.99 -> 887.98196
A15: Month 12 | B15: 1150 | C15: =B15+(C14*0.4) -> 1861.0967 | D15: =C15*0.05 -> 93.054833 | E15: =D15*9.99 -> 929.61778
A17: TOTAL | B17: =SUM(B4:B15) -> 10500 | C17: =sum(C4:C15) -> 16259.269 | D17: =sum(D4:D15) -> 812.96344 | E17: =sum(E4:E15) -> 8121.5048

Sheet Sensitivity Analysis
A1: Focusly Growth Model -- Sensitivity Analysis
A3: Assumptions | B3: Worst Case | C3: Base Case | D3: Best Case
A4: CTR (Ad Click Rate) | B4: 0.01 | C4: 0.03 | D4: 0.05
A5: Signup Rate | B5: 0.1 | C5: 0.2 | D5: 0.3
A6: Activation Rate | B6: 0.2 | C6: 0.4 | D6: 0.6
A7: Paid Conversion Rate | B7: 0.02 | C7: 0.05 | D7: 0.08
A8: Monthly Price | B8: 9.99 | C8: 9.99 | D8: 9.99
A10: Results
A11: Monthly Impressions | B11: 100000 | C11: 100000 | D11: 100000
A12: Monthly Clicks | B12: =B11*B4 -> 1000 | C12: =C11*C4 -> 3000 | D12: =D11*D4 -> 5000
A13: Monthly Signups | B13: =B12*B5 -> 100 | C13: =C12*C5 -> 600 | D13: =D12*D5 -> 1500
A14: Monthly Active Users | B14: =B13*B6 -> 20 | C14: =C13*C6 -> 240 | D14: =D13*D6 -> 900
A15: Monthly Paid Users | B15: =B14*B7 -> 0.4 | C15: =C14*C7 -> 12 | D15: =D14*D7 -> 72
A16: Monthly Revenue | B16: =B15*B8 -> 3.996 | C16: =C15*C8 -> 119.88 | D16: =D15*D8 -> 719.28
A17: Annual Revenue | B17: =B16*12 -> 47.952 | C17: =C16*12 -> 1438.56 | D17: =D16*12 -> 8631.36
